{
  "project_info": {
    "project_number": "168865614980",
    "project_id": "ujianakhir-b093b",
    "storage_bucket": "ujianakhir-b093b.appspot.com"
  },
  "client": [
    {
      "client_info": {
        "mobilesdk_app_id": "1:168865614980:android:55523014459fad623706d1",
        "android_client_info": {
          "package_name": "com.example.uas"
        }
      },
      "oauth_client": [
        {
          "client_id": "168865614980-269lm0tbqfgdok7lk06qgpphq4eummbu.apps.googleusercontent.com",
          "client_type": 1,
          "android_info": {
            "package_name": "com.example.uas",
            "certificate_hash": "7774195db3bb0e62cf0dcddf242647c9c823ca52"
          }
        },
        {
          "client_id": "168865614980-rpjns5ref6avbdl9uhomsr0vph8ijrh8.apps.googleusercontent.com",
          "client_type": 3
        }
      ],
      "api_key": [
        {
          "current_key": "AIzaSyCVlhq8jLOb1S0utLMoZDGpqURS-E9VYyc"
        }
      ],
      "services": {
        "appinvite_service": {
          "other_platform_oauth_client": [
            {
              "client_id": "168865614980-rpjns5ref6avbdl9uhomsr0vph8ijrh8.apps.googleusercontent.com",
              "client_type": 3
            }
          ]
        }
      }
    }
  ],
  "configuration_version": "1"
}